1613331000000,48516.52000000,48729.16000000,48479.80000000,48696.75000000,358.21787800,1613331899999,17408838.29317044,18626,171.06071000,8314100.34523422,0
1613331900000,48696.76000000,48919.86000000,48661.71000000,48693.39000000,415.74787900,1613332799999,20288495.65935586,16825,219.66291200,10721667.52520339,0
1613332800000,48693.38000000,48985.71000000,48600.00000000,48847.80000000,586.33708300,1613333699999,28616391.72305343,17315,270.81451700,13219702.25940369,0
1613333700000,48847.80000000,48922.58000000,48753.41000000,48781.44000000,363.59916300,1613334599999,17754503.87251022,14211,179.77774100,8778806.68934379,0
1613334600000,48781.44000000,48998.00000000,48750.00000000,48964.95000000,401.98587400,1613335499999,19646685.13196389,16414,204.65624000,10003218.92507834,0
1613335500000,48964.95000000,49000.00000000,48836.66000000,48929.50000000,423.44298500,1613336399999,20716732.21356082,15173,239.08678700,11698021.05054701,0
1613336400000,48929.50000000,48929.51000000,48755.47000000,48876.66000000,471.13858500,1613337299999,23009424.26379366,13321,220.49628100,10767487.13595025,0
1613337300000,48876.65000000,49058.74000000,48812.48000000,48966.72000000,562.85326400,1613338199999,27572079.73162931,16400,296.48171200,14524264.81603331,0
1613338200000,48966.73000000,48966.73000000,48833.39000000,48921.81000000,328.70915900,1613339099999,16068877.85608331,12270,169.51435200,8287004.92853017,0
1613339100000,48919.33000000,48970.81000000,48801.44000000,48822.66000000,409.65722300,1613339999999,20021239.59344020,12009,197.14730200,9635527.73573600,0
1613340000000,48822.67000000,48905.52000000,48706.53000000,48896.47000000,399.41562400,1613340899999,19502661.93792309,17199,214.77084600,10487113.65828592,0
1613340900000,48896.46000000,49300.00000000,48895.04000000,49211.95000000,677.27931400,1613341799999,33257247.57934659,30878,402.49647600,19765405.18030833,0
1613341800000,49211.95000000,49252.94000000,49081.01000000,49095.68000000,428.08069300,1613342699999,21039473.18096401,20518,245.40978000,12062191.55535667,0
1613342700000,49095.58000000,49172.29000000,49011.78000000,49012.94000000,370.67449500,1613343599999,18199996.27008730,16913,197.88493200,9716727.49237918,0
1613343600000,49012.94000000,49058.94000000,48875.58000000,48978.44000000,437.60002300,1613344499999,21421881.24461339,13638,217.11807400,10628542.08695457,0
1613344500000,48978.45000000,49094.71000000,48888.88000000,48957.64000000,722.33473000,1613345399999,35379314.43124659,15619,372.13996400,18226178.09859715,0
1613345400000,48957.65000000,48965.87000000,48505.79000000,48757.74000000,966.77572200,1613346299999,47073068.14683046,23325,420.00751000,20450579.30339429,0
1613346300000,48757.75000000,48806.12000000,48560.00000000,48577.79000000,561.60414800,1613347199999,27364458.94021952,13629,250.29709400,12195743.47480047,0
1613347200000,48580.47000000,48799.00000000,48428.00000000,48732.38000000,764.11870500,1613348099999,37160626.17185992,24846,349.79397000,17016127.62173921,0
1613348100000,48732.39000000,48759.39000000,48627.70000000,48654.40000000,365.54529000,1613348999999,17793912.02950093,17458,179.95789300,8759325.44356631,0
1613349000000,48654.40000000,49010.92000000,48580.01000000,48872.22000000,536.32374400,1613349899999,26167544.48728311,22390,279.74929600,13650210.96760740,0
1613349900000,48872.22000000,48936.41000000,48749.97000000,48763.62000000,350.45575600,1613350799999,17115820.06693435,17209,161.47868100,7886552.89525956,0
1613350800000,48763.79000000,48816.62000000,48311.31000000,48414.11000000,746.75490300,1613351699999,36238083.30362146,21973,297.01595700,14418134.86138672,0
1613351700000,48414.11000000,48446.43000000,48120.00000000,48233.04000000,1167.01529400,1613352599999,56311072.06857034,30531,467.52228800,22559385.63460940,0
1613352600000,48233.04000000,48245.88000000,47700.00000000,47979.99000000,2144.13086500,1613353499999,102884417.89223693,57804,864.56912400,41494484.18952952,0
1613353500000,47979.99000000,48213.20000000,47925.26000000,48011.44000000,831.39913400,1613354399999,39992485.86375699,26959,372.97110000,17942040.35987744,0
1613354400000,48011.45000000,48213.83000000,47550.00000000,47550.00000000,1222.58397600,1613355299999,58649545.73095075,40220,520.71342300,24996422.20471894,0
1613355300000,47550.00000000,47589.17000000,45570.79000000,46359.53000000,5265.41481300,1613356199999,244933593.19092249,128719,1925.55564600,89538972.69475076,0
1613356200000,46365.20000000,46910.45000000,46020.41000000,46863.84000000,2546.90547400,1613357099999,118354528.72090404,65959,1260.18611000,58556485.01100488,0
1613357100000,46863.83000000,47200.00000000,46746.56000000,46874.02000000,2182.94722800,1613357999999,102464740.95077702,58904,1059.97468500,49741828.21534207,0
1613358000000,46874.01000000,47216.91000000,46540.67000000,46989.98000000,1597.08818400,1613358899999,74872400.70524444,45849,776.43975200,36414278.00267207,0
1613358900000,46989.56000000,47269.09000000,46874.17000000,47230.01000000,883.21602500,1613359799999,41596112.24997081,31422,443.56507300,20892151.81202638,0
1613359800000,47230.01000000,47250.07000000,46800.87000000,46843.21000000,959.67369900,1613360699999,45146386.73409234,32081,440.97200000,20746683.23787105,0
1613360700000,46843.21000000,47133.43000000,46843.21000000,47120.30000000,748.47409500,1613361599999,35201209.77137063,21078,338.80107400,15933793.78503922,0
1613361600000,47120.31000000,47136.02000000,46461.53000000,46480.88000000,1342.63206300,1613362499999,62801596.91434159,32608,577.78302500,27014262.58574268,0
1613362500000,46484.10000000,46880.54000000,46481.18000000,46649.79000000,1003.69176500,1613363399999,46888195.07056590,23325,522.95215700,24427500.74476302,0
1613363400000,46649.79000000,46721.36000000,46174.78000000,46512.56000000,1558.71299400,1613364299999,72394116.59920269,35524,881.40025300,40911292.21119718,0
1613364300000,46512.56000000,46959.44000000,46512.55000000,46866.57000000,1058.69770200,1613365199999,49556304.14500692,25808,573.57874800,26845015.57058788,0
1613365200000,46866.56000000,47000.00000000,46750.00000000,46855.61000000,853.92121700,1613366099999,40011397.13215962,18691,436.51337800,20453678.47303218,0
1613366100000,46855.60000000,46911.47000000,46560.00000000,46568.72000000,651.29262100,1613366999999,30467637.86881080,18084,255.77799900,11963750.30051832,0
1613367000000,46568.71000000,46748.11000000,46400.00000000,46632.45000000,873.17585800,1613367899999,40647618.85906568,25093,369.44102600,17200462.62414051,0
1613367900000,46632.45000000,46820.00000000,46528.79000000,46722.49000000,561.04070200,1613368799999,26183714.23631914,18684,248.43309200,11593785.40333340,0
1613368800000,46722.48000000,47065.13000000,46683.02000000,46980.25000000,748.61990700,1613369699999,35096859.62143601,23702,349.83194700,16404648.28746241,0
1613369700000,46980.25000000,47100.00000000,46913.52000000,47020.00000000,659.08426800,1613370599999,30976868.01579353,23918,324.57388600,15255365.19369609,0
1613370600000,47020.00000000,47140.00000000,46867.86000000,46898.27000000,662.60006200,1613371499999,31144181.13047060,23051,278.55279100,13093183.71307717,0
1613371500000,46898.27000000,47045.00000000,46868.50000000,46887.36000000,552.23497500,1613372399999,25940523.70583330,19153,291.38178300,13686307.75231928,0
1613372400000,46887.36000000,47353.30000000,46831.61000000,47282.89000000,982.76993200,1613373299999,46371268.71170062,25206,543.56067300,25644210.59028791,0
1613373300000,47282.89000000,47441.02000000,47151.35000000,47264.26000000,781.48412500,1613374199999,36925804.45408924,21680,373.04058000,17627901.06657390,0
1613374200000,47264.26000000,47390.00000000,47181.74000000,47328.34000000,531.52886300,1613375099999,25133108.82261850,17275,255.05685100,12060629.08907412,0
1613375100000,47328.34000000,47363.10000000,47210.31000000,47267.06000000,565.77688200,1613375999999,26751319.08457300,18079,246.69188600,11664160.14574181,0
1613376000000,47270.50000000,47564.42000000,47112.38000000,47309.99000000,857.16565100,1613376899999,40573026.08270441,23909,504.73464800,23897767.59733424,0
1613376900000,47310.00000000,47550.00000000,47289.21000000,47436.29000000,761.61385100,1613377799999,36135305.28358006,19295,359.08128600,17034218.24391516,0
1613377800000,47436.28000000,47595.00000000,47413.12000000,47450.00000000,528.53203300,1613378699999,25098367.92371569,16717,261.53479600,12419603.26477077,0
1613378700000,47450.00000000,47772.00000000,47440.20000000,47599.99000000,674.67981000,1613379599999,32111567.83457963,18057,349.46856500,16634320.95963006,0
1613379600000,47600.00000000,47724.64000000,47430.66000000,47679.81000000,635.55721300,1613380499999,30231340.10129020,16660,295.81273000,14069524.28316751,0
1613380500000,47679.81000000,47699.00000000,47400.01000000,47571.34000000,753.45874800,1613381399999,35818658.21264429,17805,317.57253400,15098920.78981181,0
1613381400000,47571.34000000,47582.54000000,47201.27000000,47313.19000000,764.47523100,1613382299999,36266643.21192287,19908,294.97507200,13992184.10083557,0
1613382300000,47311.00000000,47563.00000000,47298.00000000,47505.66000000,848.33813300,1613383199999,40259980.59338706,15709,427.69059800,20294549.72978466,0
1613383200000,47505.67000000,47588.20000000,47306.02000000,47362.19000000,486.75708500,1613384099999,23083385.67091315,15725,254.68753200,12076552.06257908,0
1613384100000,47362.19000000,47649.16000000,47340.07000000,47587.83000000,582.72347900,1613384999999,27669105.46606045,16936,301.43457200,14312854.07714623,0
1613385000000,47580.42000000,47658.00000000,47480.01000000,47499.99000000,394.94925100,1613385899999,18781841.93482644,13072,204.51508100,9726041.27916173,0
1613385900000,47500.00000000,47888.00000000,47480.00000000,47849.99000000,862.18306300,1613386799999,41122649.83350196,20423,465.24746800,22189409.16301522,0
1613386800000,47849.99000000,47872.82000000,47662.35000000,47706.70000000,808.37166500,1613387699999,38595536.20596206,19247,439.54302700,20983801.51767724,0
1613387700000,47700.00000000,47999.00000000,47606.86000000,47962.32000000,765.64079700,1613388599999,36582164.98994627,21269,432.09992500,20651013.94365548,0
1613388600000,47962.32000000,47967.76000000,47805.22000000,47874.08000000,499.03578300,1613389499999,23891778.12221526,17231,260.74086400,12483204.12096527,0
1613389500000,47874.09000000,47990.00000000,47750.00000000,47802.66000000,587.62271800,1613390399999,28133759.21081233,16585,285.61788800,13673430.06949594,0
1613390400000,47802.67000000,47878.07000000,47551.02000000,47625.89000000,682.60921200,1613391299999,32570254.85916020,24193,316.42321600,15101614.36871955,0
1613391300000,47625.88000000,47712.59000000,47519.01000000,47675.12000000,593.43073800,1613392199999,28259907.85687573,22908,322.70968800,15369009.20861302,0
1613392200000,47675.11000000,47688.88000000,47423.99000000,47599.60000000,812.35327200,1613393099999,38631813.54952830,24195,419.16962000,19935224.03867241,0
1613393100000,47599.60000000,48070.00000000,47561.64000000,47951.01000000,1124.88683700,1613393999999,53842060.10141800,33498,728.31811900,34869029.16827031,0
1613394000000,47951.01000000,48219.23000000,47947.00000000,48205.01000000,960.12854500,1613394899999,46120330.21761980,26656,554.00953200,26611837.80991295,0
1613394900000,48205.01000000,48219.22000000,48008.87000000,48049.99000000,841.02293200,1613395799999,40451419.24420143,22155,394.73055200,18982906.31909312,0
1613395800000,48049.99000000,48075.00000000,47800.00000000,48042.54000000,765.37475600,1613396699999,36699742.15671057,21560,333.81448000,16003677.04785915,0
1613396700000,48042.55000000,48048.16000000,47865.85000000,47960.73000000,523.33829700,1613397599999,25095155.92171960,15417,269.97089600,12945413.37767699,0
1613397600000,47963.69000000,48150.62000000,47905.00000000,47950.00000000,621.33688800,1613398499999,29863088.10081430,22553,307.03810500,14756473.47749748,0
1613398500000,47949.99000000,48020.99000000,47700.00000000,47829.99000000,799.36611500,1613399399999,38255779.50642857,25450,374.55201100,17926418.04420656,0
1613399400000,47829.99000000,47879.42000000,47588.20000000,47722.01000000,773.05000300,1613400299999,36898261.73343654,25429,344.38520900,16439135.08366174,0
1613400300000,47722.01000000,47832.81000000,47472.92000000,47564.16000000,870.01372200,1613401199999,41502514.55301177,22309,378.43906800,18055030.41406599,0
1613401200000,47563.58000000,47847.82000000,47536.15000000,47734.85000000,634.43998400,1613402099999,30280786.16675128,21891,325.63557300,15542973.27532211,0
1613402100000,47734.84000000,47878.95000000,47600.00000000,47813.98000000,556.11545700,1613402999999,26563292.98235159,21825,309.72240200,14795804.00657600,0
1613403000000,47813.97000000,47924.69000000,47750.00000000,47911.19000000,442.98450800,1613403899999,21182744.78600626,20419,213.09926800,10190630.86446476,0
1613403900000,47911.19000000,48000.00000000,47856.47000000,47938.83000000,552.91043200,1613404799999,26500895.49674143,21478,274.66635900,13163994.03949071,0
1613404800000,47938.84000000,48193.14000000,47938.83000000,48127.43000000,1057.33433500,1613405699999,50859802.05716379,30643,514.35337300,24739356.00050077,0
1613405700000,48127.43000000,48570.75000000,48127.43000000,48460.00000000,1306.37406700,1613406599999,63220186.60930849,33369,692.24859000,33504842.14710748,0
1613406600000,48460.01000000,48556.64000000,48323.55000000,48382.50000000,957.08981900,1613407499999,46344905.23675300,21714,384.90302200,18635036.95164210,0
1613407500000,48381.26000000,48533.93000000,48300.34000000,48494.96000000,532.55053100,1613408399999,25797914.88612125,18005,293.07165800,14197380.39020888,0
1613408400000,48494.97000000,48790.00000000,48494.96000000,48587.00000000,1055.43797900,1613409299999,51390989.63755186,26931,569.29222000,27718949.32062929,0
1613409300000,48586.99000000,48800.00000000,48543.07000000,48678.78000000,593.33575100,1613410199999,28892877.75582808,17243,311.83977300,15184646.91405875,0
1613410200000,48678.78000000,48766.72000000,48501.50000000,48572.56000000,516.75487100,1613411099999,25135354.65185513,15872,269.83695300,13124821.82898846,0
1613411100000,48574.97000000,48670.28000000,48399.23000000,48562.31000000,558.38543200,1613411999999,27106577.30003364,16286,277.79561500,13485686.00958484,0
1613412000000,48562.31000000,48698.52000000,48503.04000000,48507.43000000,533.48375800,1613412899999,25926334.64453808,17677,248.52552700,12078247.88788423,0
1613412900000,48507.43000000,48628.92000000,48390.47000000,48416.22000000,596.88195200,1613413799999,28968933.69662404,15222,297.24713500,14429036.09106767,0
1613413800000,48416.23000000,48567.13000000,48410.79000000,48482.05000000,440.85980300,1613414699999,21375377.73576202,13467,220.99780000,10715694.45490572,0
1613414700000,48482.06000000,48563.87000000,48342.22000000,48358.99000000,469.67292100,1613415599999,22767777.16640560,14788,223.20756000,10821431.58023617,0
1613415600000,48361.00000000,48665.09000000,48354.78000000,48597.75000000,586.65701000,1613416499999,28494687.46271620,17191,296.82929100,14415429.74803539,0
1613416500000,48597.75000000,48683.36000000,48465.03000000,48492.28000000,540.90479200,1613417399999,26274074.82470375,14634,214.07495200,10399628.89071199,0
1613417400000,48492.28000000,48640.90000000,48440.81000000,48554.96000000,429.49428400,1613418299999,20839395.44189025,14297,210.81335700,10229395.46104864,0
1613418300000,48554.97000000,48742.52000000,48544.49000000,48657.31000000,388.37228600,1613419199999,18893022.61899692,13460,194.92729600,9482812.60618571,0
1613419200000,48657.31000000,48737.72000000,48555.01000000,48571.07000000,712.74858000,1613420099999,34686517.18696041,14415,275.60191600,13412486.38833723,0
1613420100000,48571.07000000,48801.00000000,48520.12000000,48699.99000000,1108.24096100,1613420999999,53983298.92971931,17135,589.43524500,28716528.51407338,0
1613421000000,48698.10000000,48744.50000000,48601.16000000,48655.51000000,749.81077600,1613421899999,36483293.40343678,15329,424.58755600,20661439.32668609,0
1613421900000,48655.50000000,48750.00000000,48453.87000000,48580.99000000,492.35308200,1613422799999,23922706.62738307,16825,237.46748100,11538028.47170975,0
1613422800000,48581.00000000,48750.00000000,48568.14000000,48590.73000000,405.58813900,1613423699999,19741563.91502470,13350,187.68144600,9134607.86478384,0
1613423700000,48590.73000000,48617.48000000,48212.89000000,48370.71000000,945.08294500,1613424599999,45776423.55520522,30901,485.41246000,23512333.50430361,0
1613424600000,48370.71000000,48599.98000000,48342.85000000,48434.99000000,467.87269400,1613425499999,22694857.87079007,16432,229.57561100,11136959.35135967,0
1613425500000,48434.99000000,48516.92000000,48111.11000000,48207.54000000,948.53897500,1613426399999,45816139.03710318,31360,467.03759900,22561340.09752784,0
1613426400000,48201.18000000,48300.00000000,47643.00000000,48145.77000000,1481.24235600,1613427299999,71036658.66334761,55793,737.01802100,35344632.11503959,0
1613427300000,48145.77000000,48267.78000000,47839.45000000,47874.97000000,556.70201800,1613428199999,26788681.11363898,28213,275.34919000,13253260.04636101,0
1613428200000,47874.97000000,48247.00000000,47865.81000000,48092.52000000,417.92277800,1613429099999,20096369.66633309,21239,212.16256700,10202087.47210008,0
1613429100000,48089.20000000,48334.23000000,48081.42000000,48284.89000000,379.42268900,1613429999999,18282203.11608021,15988,206.21019700,9937105.60539614,0
1613430000000,48284.90000000,48432.73000000,48196.37000000,48385.00000000,453.99512700,1613430899999,21934062.12944720,13178,224.42296800,10842784.58748069,0
1613430900000,48384.99000000,48393.19000000,48189.67000000,48306.72000000,431.29066900,1613431799999,20828658.72872229,12412,220.22037700,10634922.15081430,0
1613431800000,48306.72000000,48381.79000000,48015.00000000,48046.30000000,573.31976100,1613432699999,27612375.22692765,16698,264.01044700,12715105.84755049,0
1613432700000,48046.29000000,48048.60000000,47809.99000000,47911.10000000,646.65831300,1613433599999,31000887.54752899,19321,330.93062700,15866041.71950965,0
1613433600000,47911.10000000,47958.40000000,47414.19000000,47609.90000000,1260.79026500,1613434499999,60123915.33009663,33339,596.98702300,28469692.24303382,0
1613434500000,47609.90000000,47800.00000000,47447.22000000,47640.73000000,672.54388600,1613435399999,32052666.72189300,19316,364.50561800,17372138.37539182,0
1613435400000,47638.26000000,47675.04000000,47003.62000000,47566.04000000,1477.01247400,1613436299999,69916202.56474956,35890,760.11381400,35996898.33812340,0
1613436300000,47569.68000000,47764.46000000,47552.46000000,47669.02000000,1036.53600500,1613437199999,49427325.94764850,19593,401.14549100,19127905.01672377,0
1613437200000,47669.03000000,47792.01000000,47605.96000000,47664.97000000,522.63753100,1613438099999,24928972.88519449,13095,218.95117800,10443594.48186926,0
1613438100000,47660.19000000,48271.79000000,47608.31000000,48170.01000000,781.16052700,1613438999999,37503094.84813326,22945,444.47338500,21337944.62213705,0
1613439000000,48170.01000000,48250.00000000,47941.94000000,48137.31000000,735.03767800,1613439899999,35356111.22526707,17650,300.07258200,14434916.67610270,0
1613439900000,48137.32000000,48319.33000000,48038.45000000,48305.28000000,547.27282600,1613440799999,26351880.21333721,13845,252.57791900,12163488.17015274,0
1613440800000,48305.28000000,48428.48000000,48160.12000000,48384.64000000,826.79245000,1613441699999,39932242.95285166,17459,323.16037200,15603191.10064318,0
1613441700000,48384.64000000,48561.64000000,48331.80000000,48483.65000000,536.63883100,1613442599999,26003351.84298442,17788,273.29212200,13244083.66600630,0
1613442600000,48483.65000000,48500.00000000,48310.07000000,48399.99000000,396.52900400,1613443499999,19200756.77671123,13250,178.64719400,8650789.29789675,0
1613443500000,48399.99000000,48689.25000000,48366.40000000,48442.06000000,532.29918600,1613444399999,25833394.92097861,15164,314.88459400,15284807.15087856,0
1613444400000,48442.05000000,48600.93000000,48405.11000000,48570.18000000,340.59636400,1613445299999,16523419.08755580,11694,172.65432700,8375990.29356962,0
1613445300000,48570.19000000,49400.00000000,48570.19000000,49317.87000000,2235.27730800,1613446199999,109753534.89759852,52643,1459.66226700,71668304.99825231,0
1613446200000,49317.86000000,49670.00000000,49287.38000000,49333.84000000,2054.50213000,1613447099999,101675989.01168860,47988,1266.66066300,62697790.70302403,0
1613447100000,49333.83000000,49644.89000000,49160.01000000,49624.03000000,1165.26335300,1613447999999,57535418.36698636,25210,668.28339800,32998235.90818102,0
1613448000000,49624.02000000,49643.30000000,49300.41000000,49606.70000000,801.16277700,1613448899999,39649999.29464766,22307,416.05924600,20592356.04701388,0
1613448900000,49606.69000000,49998.00000000,49232.42000000,49509.25000000,2838.29631500,1613449799999,141013069.58444908,58153,1663.82950100,82722367.77663870,0
1613449800000,49509.26000000,49726.35000000,49350.00000000,49378.68000000,927.93540200,1613450699999,46000403.08736803,20829,540.83307000,26816507.65321947,0
1613450700000,49378.68000000,49451.96000000,49068.41000000,49350.01000000,890.31849900,1613451599999,43899907.09182037,20906,451.98715000,22284739.18734034,0
1613451600000,49350.01000000,49500.00000000,49044.00000000,49383.46000000,910.75818700,1613452499999,44911006.80070231,19986,537.77719300,26524340.31326118,0
1613452500000,49383.47000000,49439.02000000,49175.36000000,49255.19000000,598.65696900,1613453399999,29537550.72315399,14347,266.84955100,13162415.38645062,0
1613453400000,49255.19000000,49301.45000000,48969.00000000,49273.19000000,827.51536900,1613454299999,40695842.89069999,18790,525.46215100,25847829.69367583,0
1613454300000,49273.19000000,49273.19000000,49050.00000000,49179.03000000,600.17180900,1613455199999,29494479.67021418,15597,316.44696500,15551698.58024838,0
1613455200000,49179.04000000,49234.70000000,49000.01000000,49157.41000000,435.15110500,1613456099999,21377186.43628260,13285,257.59350100,12654871.52035779,0
1613456100000,49157.42000000,49158.01000000,48550.00000000,48749.12000000,1261.83440000,1613456999999,61596727.83573330,27547,530.87961200,25911206.47927943,0
1613457000000,48749.12000000,49075.45000000,48700.01000000,48885.80000000,920.93360400,1613457899999,45024196.37839198,20668,420.47949200,20557459.04493533,0
1613457900000,48882.26000000,49063.61000000,48861.06000000,49023.74000000,673.84192000,1613458799999,33001487.00126232,13660,359.83806300,17623484.07685798,0
1613458800000,49020.91000000,49199.00000000,48820.57000000,49013.12000000,705.31043400,1613459699999,34572468.28744652,16715,329.38327000,16146088.50590659,0
1613459700000,49013.13000000,49027.72000000,48655.11000000,48733.60000000,610.72422800,1613460599999,29830077.79663291,17389,234.57281200,11456994.67248464,0
1613460600000,48733.60000000,49072.04000000,48609.90000000,48958.85000000,581.80515900,1613461499999,28413644.73401602,15717,289.74032500,14152171.05666284,0
1613461500000,48964.95000000,49281.81000000,48920.00000000,49163.46000000,753.42444300,1613462399999,37017342.97568389,19609,432.67473700,21260731.98158181,0
1613462400000,49161.75000000,49300.00000000,48928.23000000,49004.17000000,1023.13331200,1613463299999,50295560.71876340,20094,668.13716600,32851707.53601857,0
1613463300000,49004.17000000,49235.24000000,48871.20000000,49101.37000000,653.94623200,1613464199999,32086284.92017453,17651,379.82004700,18637722.64205326,0
1613464200000,49110.04000000,49165.74000000,48965.01000000,49113.37000000,563.05668500,1613465099999,27642129.13493034,16837,297.29684200,14594546.83937765,0
1613465100000,49113.36000000,49295.79000000,48980.09000000,49293.26000000,411.67995000,1613465999999,20220784.52393202,16363,197.44602200,9699021.78526612,0
1613466000000,49289.75000000,49299.00000000,49000.12000000,49085.05000000,437.30028500,1613466899999,21497357.69392389,14495,189.54698300,9318796.19993402,0
1613466900000,49085.04000000,49129.43000000,48900.00000000,49016.52000000,515.10186600,1613467799999,25258661.23983280,14871,243.00724200,11918850.53833162,0
1613467800000,49016.53000000,49100.44000000,48927.97000000,49100.44000000,473.66051000,1613468699999,23219898.72385047,13233,238.31155800,11682515.38282982,0
1613468700000,49100.44000000,49318.47000000,49062.14000000,49283.30000000,751.69512900,1613469599999,37000576.96697669,17017,516.41053500,25424728.06058401,0
1613469600000,49283.30000000,49318.47000000,49000.00000000,49235.18000000,633.83113700,1613470499999,31189784.12782645,15587,313.12886900,15409930.35243775,0
1613470500000,49235.18000000,49241.45000000,49018.83000000,49121.58000000,430.23819700,1613471399999,21134714.25307247,12836,215.92240700,10606996.52541875,0
1613471400000,49121.57000000,49214.27000000,48750.09000000,48947.90000000,680.13516100,1613472299999,33311034.23194993,17557,316.86380200,15518494.93198509,0
1613472300000,48948.11000000,49073.95000000,48869.09000000,49020.00000000,496.79919800,1613473199999,24329163.02446255,13967,220.14625500,10781595.32604274,0
1613473200000,49020.00000000,49070.01000000,48700.00000000,48885.37000000,686.44316700,1613474099999,33534565.23689952,18705,318.64388700,15568497.47056757,0
1613474100000,48887.79000000,48955.00000000,48780.35000000,48934.74000000,388.58168800,1613474999999,19001879.09071533,14061,190.55445000,9318414.38108682,0
1613475000000,48934.75000000,49114.68000000,48852.15000000,48969.80000000,547.42817800,1613475899999,26820010.83575228,16540,270.32047500,13244463.96347526,0
1613475900000,48969.80000000,49090.00000000,48862.82000000,48915.48000000,426.52504500,1613476799999,20885095.78057850,14079,209.40092700,10254310.16826040,0
1613476800000,48915.49000000,49550.12000000,48403.21000000,49383.29000000,2369.92992700,1613477699999,116130846.92537842,49999,1291.77811500,63408556.12928310,0
1613477700000,49380.82000000,50000.00000000,49267.02000000,49947.03000000,3277.25225000,1613478599999,163081634.24281566,63862,2121.81767200,105646704.80811458,0
1613478600000,49945.02000000,50689.18000000,48500.00000000,49568.20000000,6994.22412700,1613479499999,348962494.80230331,143475,3895.99139300,194641655.06041586,0
1613479500000,49568.19000000,50080.21000000,49339.81000000,49650.01000000,2095.69756100,1613480399999,104209616.51229521,51696,1186.47828800,59009050.12098628,0
1613480400000,49650.00000000,49826.12000000,49171.05000000,49431.38000000,1344.09457800,1613481299999,66475878.92723257,32036,624.34935100,30880098.08866359,0
1613481300000,49431.38000000,49660.34000000,49374.52000000,49471.90000000,871.53944600,1613482199999,43153385.46535892,21454,461.72436700,22859640.54742348,0
1613482200000,49466.91000000,49474.38000000,48918.01000000,49089.90000000,1620.93445200,1613483099999,79594880.04979098,34404,700.87585300,34419492.71604695,0
1613483100000,49089.91000000,49279.00000000,48862.99000000,48950.89000000,1272.02398900,1613483999999,62387321.86426214,27082,585.94538900,28740166.40810929,0
1613484000000,48950.89000000,48997.99000000,48700.00000000,48816.81000000,1364.82988700,1613484899999,66649213.50044017,34368,550.40868900,26878892.14413410,0
1613484900000,48816.81000000,49267.48000000,48741.02000000,49262.00000000,1185.23229400,1613485799999,58149547.83226301,28323,601.69811400,29523366.89357101,0
1613485800000,49262.02000000,49424.28000000,49090.00000000,49371.68000000,1017.68729500,1613486699999,50116097.85522026,25198,471.94274500,23246817.13422573,0
1613486700000,49371.43000000,49457.00000000,49223.36000000,49289.40000000,781.15046100,1613487599999,38537219.08216117,22525,378.78985100,18687527.51166940,0
1613487600000,49286.80000000,49387.54000000,49249.14000000,49357.11000000,623.62193300,1613488499999,30761407.85636722,18104,310.40988900,15311456.13251406,0
1613488500000,49357.11000000,49509.84000000,49250.00000000,49289.75000000,998.67912100,1613489399999,49322415.08624569,21371,454.53589700,22453532.24881636,0
1613489400000,49289.75000000,49339.75000000,48984.65000000,49211.71000000,893.06353100,1613490299999,43923987.29590450,21149,432.58582400,21276172.21649541,0
1613490300000,49210.84000000,49235.02000000,48935.70000000,48956.91000000,781.13172400,1613491199999,38339293.78568680,19324,355.75593100,17462839.21285003,0
1613491200000,48956.91000000,49291.00000000,48956.28000000,49109.39000000,802.72795900,1613492099999,39426902.86046964,23752,417.99381400,20530555.62184626,0
1613492100000,49109.75000000,49122.91000000,48600.00000000,48654.98000000,1142.81554200,1613492999999,55846198.60688170,31526,488.87115800,23897798.95004790,0
1613493000000,48654.97000000,48900.32000000,48609.68000000,48815.34000000,732.25231000,1613493899999,35727829.41888542,19688,356.15481400,17376969.53109772,0
1613493900000,48815.35000000,48815.35000000,48073.00000000,48167.68000000,1966.15611800,1613494799999,95314689.21263426,48322,834.94998800,40482461.63643178,0
1613494800000,48165.07000000,48618.60000000,48128.81000000,48460.01000000,1266.09005600,1613495699999,61267058.56818223,33205,654.80617500,31688769.03374817,0
1613495700000,48460.01000000,48515.54000000,48299.03000000,48405.42000000,965.50969900,1613496599999,46734345.76149983,20002,505.84790900,24485975.84045838,0
1613496600000,48405.42000000,48525.97000000,48258.04000000,48348.54000000,752.19326800,1613497499999,36407465.03885920,20570,399.31979300,19326999.15234605,0
1613497500000,48348.84000000,48477.46000000,48163.26000000,48230.50000000,642.65666500,1613498399999,31086015.81328723,17628,274.81390400,13295689.11767847,0
1613498400000,48230.63000000,48236.91000000,47750.00000000,47835.93000000,1858.14442200,1613499299999,89200398.64720271,42201,675.86866100,32445411.16640210,0
1613499300000,47835.93000000,48440.00000000,47835.93000000,48434.95000000,936.47003500,1613500199999,45165428.10755951,26563,498.42504500,24034079.98799800,0
1613500200000,48434.94000000,48601.25000000,48305.00000000,48524.72000000,575.43358100,1613501099999,27857747.42164532,17315,286.86510200,13888726.44409223,0
1613501100000,48524.72000000,48692.10000000,48480.00000000,48616.79000000,676.84135800,1613501999999,32904382.34579469,18564,336.88294100,16377897.22137346,0
1613502000000,48616.79000000,48675.04000000,48525.94000000,48637.63000000,464.05532600,1613502899999,22556071.42881384,13276,210.13732500,10213804.09772657,0
1613502900000,48637.88000000,48647.16000000,48444.57000000,48592.93000000,443.85742000,1613503799999,21557317.21054739,12813,238.04194800,11560786.94129712,0
1613503800000,48592.94000000,48661.73000000,48340.14000000,48535.32000000,481.58290000,1613504699999,23355217.42961423,16209,232.85114800,11293226.33815419,0
1613504700000,48535.32000000,48800.42000000,48512.43000000,48537.39000000,509.35034600,1613505599999,24789629.92281471,15527,258.24924800,12570323.47937265,0
1613505600000,48536.35000000,48581.70000000,48234.74000000,48358.90000000,673.23519700,1613506499999,32566174.43071109,19590,283.00050700,13689745.22044390,0
1613506500000,48367.56000000,48429.00000000,48173.81000000,48330.89000000,630.16926100,1613507399999,30446229.08537078,17682,276.87581900,13378391.82193898,0
1613507400000,48330.89000000,48574.68000000,48202.57000000,48526.02000000,543.42983000,1613508299999,26287454.46095002,15946,270.24858200,13074307.71803520,0
1613508300000,48526.02000000,48784.29000000,48516.23000000,48769.27000000,737.58353800,1613509199999,35925115.60708249,19420,340.28089000,16571496.81970540,0
1613509200000,48769.28000000,48809.09000000,48561.22000000,48615.28000000,589.14774200,1613510099999,28698201.09156888,15604,233.71060700,11384249.34554821,0
1613510100000,48615.28000000,48616.19000000,48370.10000000,48465.70000000,551.08563700,1613510999999,26704273.54273262,16273,267.61673800,12967898.07429225,0
1613511000000,48465.71000000,48639.67000000,48355.80000000,48433.99000000,449.57792700,1613511899999,21809308.48769547,14518,208.14366100,10097634.85867093,0
1613511900000,48433.99000000,48710.93000000,48404.41000000,48575.07000000,630.64740100,1613512799999,30652479.75235687,13191,273.68825200,13299027.21207122,0
1613512800000,48575.06000000,48641.02000000,48524.65000000,48611.46000000,288.94198700,1613513699999,14040147.82126707,9082,124.79161700,6064044.47912161,0
1613513700000,48611.44000000,48749.99000000,48579.53000000,48579.53000000,313.04127200,1613514599999,15235147.76943040,11697,160.22173400,7797028.06811275,0
1613514600000,48579.52000000,48878.86000000,48531.95000000,48863.25000000,447.09108100,1613515499999,21795074.84027782,15108,249.05008100,12140057.01450358,0
1613515500000,48863.68000000,49180.00000000,48840.00000000,49108.68000000,714.33787300,1613516399999,34995760.22515330,19340,442.85701200,21697539.93719344,0
1613516400000,49113.91000000,49290.00000000,48933.33000000,49080.71000000,698.90945700,1613517299999,34330639.48615384,19939,373.24849000,18337496.76749713,0
1613517300000,49081.63000000,49128.00000000,48988.45000000,49040.01000000,437.74963400,1613518199999,21476888.20780381,11789,197.97861200,9713477.00395846,0
1613518200000,49041.84000000,49234.14000000,49041.80000000,49141.30000000,402.40235800,1613519099999,19775993.02262185,11991,221.37607700,10880264.48380589,0
1613519100000,49141.30000000,49277.89000000,49100.00000000,49133.45000000,420.40034400,1613519999999,20671782.29695178,10881,234.91276500,11550879.10849615,0
1613520000000,49133.45000000,49476.00000000,49133.44000000,49394.06000000,929.97050600,1613520899999,45901641.78953046,21258,493.09491800,24338290.32984986,0
1613520900000,49394.06000000,49566.66000000,49353.92000000,49406.52000000,693.95713900,1613521799999,34330178.53690795,17319,408.54317900,20213813.43715199,0
1613521800000,49406.53000000,49500.08000000,49346.10000000,49415.47000000,546.62168700,1613522699999,27016205.93290970,14137,301.93174500,14924116.95381418,0
1613522700000,49419.94000000,49426.90000000,49034.35000000,49079.99000000,719.82152600,1613523599999,35491129.55713172,18534,351.92557500,17351265.97217997,0
1613523600000,49079.99000000,49417.25000000,48947.00000000,49260.87000000,628.58140400,1613524499999,30919947.10347678,18068,325.20477800,15998284.72408201,0
1613524500000,49260.88000000,49339.35000000,49072.36000000,49120.79000000,397.79697700,1613525399999,19571556.04794533,11830,208.54349600,10260453.43573386,0
1613525400000,49120.78000000,49408.92000000,49120.78000000,49408.31000000,337.05844800,1613526299999,16617356.56954838,11292,198.67220500,9796090.82884781,0
1613526300000,49409.31000000,49410.00000000,49259.02000000,49282.80000000,329.94741700,1613527199999,16272408.62145109,9746,161.73844500,7976084.40076811,0
1613527200000,49283.14000000,49790.00000000,49268.42000000,49725.22000000,1046.04082200,1613528099999,51856523.00747691,24758,647.05850500,32079773.72057747,0
1613528100000,49724.55000000,50274.88000000,49724.54000000,49995.61000000,2359.83630200,1613528999999,117963055.49133811,49889,1445.39889500,72250617.03395813,0
1613529000000,49995.62000000,50128.35000000,49710.00000000,49943.51000000,903.21720700,1613529899999,45131677.30748897,23654,444.94034500,22237270.27033906,0
1613529900000,49943.51000000,49950.00000000,49654.89000000,49654.89000000,650.50920400,1613530799999,32417739.05162850,16709,277.50867400,13833082.25622628,0
1613530800000,49657.54000000,49759.46000000,49411.81000000,49509.24000000,884.66913000,1613531699999,43881950.78092134,22444,432.84664600,21471472.70006069,0
1613531700000,49513.34000000,49646.24000000,49290.00000000,49397.65000000,641.45718800,1613532599999,31721265.63808986,17178,320.27912500,15839140.97169627,0
1613532600000,49397.65000000,49527.97000000,49231.09000000,49415.68000000,559.35583000,1613533499999,27632852.92714581,17095,285.77360700,14120369.07654368,0
1613533500000,49419.87000000,49657.39000000,49384.34000000,49657.38000000,477.65220900,1613534399999,23666864.37400599,14389,267.11016300,13234796.50995516,0
1613534400000,49657.84000000,49963.40000000,49490.90000000,49649.99000000,1016.10069500,1613535299999,50543270.50710708,23650,552.61529800,27492020.36989456,0
1613535300000,49650.00000000,49680.44000000,49360.00000000,49400.00000000,687.43672700,1613536199999,34018701.67111380,17761,313.63996400,15522028.61552300,0
1613536200000,49399.99000000,49481.31000000,49107.51000000,49114.98000000,767.80661000,1613537099999,37856713.53154607,21099,333.29299500,16435256.26011953,0
1613537100000,49114.98000000,49397.80000000,49106.75000000,49345.38000000,541.03109500,1613537999999,26667359.54683576,15297,269.08042700,13261680.45812608,0
1613538000000,49345.39000000,49449.36000000,49249.04000000,49381.79000000,503.87419700,1613538899999,24875438.71595813,16104,235.50057400,11626055.04848931,0
1613538900000,49381.78000000,49449.35000000,49227.68000000,49378.17000000,617.45591000,1613539799999,30465676.22851446,14396,237.03100700,11697710.76035824,0
1613539800000,49378.17000000,49668.76000000,49369.66000000,49533.61000000,642.88437600,1613540699999,31848251.88552913,19278,312.20878000,15465924.24271220,0
1613540700000,49533.62000000,49731.03000000,49505.01000000,49706.80000000,475.06705600,1613541599999,23564396.14523827,14749,219.37850200,10882907.64264296,0
1613541600000,49706.80000000,50088.00000000,49624.06000000,49932.56000000,1043.90561800,1613542499999,52059525.08169097,27349,604.68624500,30161121.87503853,0
1613542500000,49938.38000000,50200.00000000,49824.52000000,49948.08000000,1272.30872200,1613543399999,63643603.48704815,31033,649.54720200,32490755.72197108,0
1613543400000,49948.09000000,50480.00000000,49940.02000000,50164.52000000,1794.95623500,1613544299999,90175548.14339814,39620,1048.00436600,52661066.97423125,0
1613544300000,50164.51000000,50677.58000000,50164.51000000,50556.05000000,2286.80349200,1613545199999,115491687.68415602,49817,1290.08554000,65161086.75970954,0
1613545200000,50556.15000000,50945.00000000,50200.00000000,50533.40000000,2756.58438400,1613546099999,139673484.67792057,67907,1501.27121200,76092635.96722845,0
1613546100000,50532.77000000,50999.00000000,50532.15000000,50596.84000000,1584.24287400,1613546999999,80418291.51313839,44990,868.19284000,44074335.34678741,0
1613547000000,50596.84000000,50918.18000000,50530.49000000,50732.03000000,769.90272400,1613547899999,39043627.75189413,30635,405.58206000,20569871.12697921,0
1613547900000,50729.85000000,51266.09000000,50703.00000000,51112.39000000,1624.84498500,1613548799999,82900430.31822359,50186,1017.97733500,51945293.32684906,0
1613548800000,51116.77000000,51300.00000000,50670.00000000,50838.02000000,1754.95155000,1613549699999,89347955.43963495,53163,877.89516700,44692039.48204559,0
1613549700000,50838.02000000,50917.90000000,50628.58000000,50908.42000000,810.95577500,1613550599999,41162697.26471670,31465,441.94373400,22434794.75752189,0
1613550600000,50908.42000000,51200.00000000,50777.20000000,51038.52000000,978.33579300,1613551499999,49907700.78834081,36732,549.36246700,28027280.56672210,0
1613551500000,51038.51000000,51064.75000000,50855.30000000,51031.71000000,735.37807500,1613552399999,37468506.51780891,28531,382.52844900,19490332.45822882,0
1613552400000,51031.71000000,51362.00000000,50991.69000000,51346.95000000,1252.51979000,1613553299999,64117916.89019463,37615,656.16984000,33594001.07237987,0
1613553300000,51346.95000000,51480.00000000,51208.25000000,51326.39000000,1561.66408100,1613554199999,80184045.62506010,41629,980.02052300,50319834.50628518,0
1613554200000,51326.39000000,51497.21000000,51222.00000000,51497.03000000,991.80253100,1613555099999,50907211.23537702,32486,599.24210800,30757439.22979864,0
1613555100000,51497.03000000,51678.36000000,51407.50000000,51431.04000000,1772.74561500,1613555999999,91401835.21604788,50322,1050.60209900,54169341.34878809,0
1613556000000,51436.11000000,51612.80000000,51112.88000000,51225.69000000,1089.53088200,1613556899999,55992439.98695382,38681,536.10646800,27557883.78717683,0
1613556900000,51225.69000000,51591.78000000,50995.00000000,51570.05000000,1121.75348500,1613557799999,57507972.52071296,37342,590.91542400,30298792.56648524,0
1613557800000,51570.06000000,51583.83000000,51326.22000000,51350.01000000,711.69485000,1613558699999,36600570.57953822,28502,325.54521500,16742628.03285893,0
1613558700000,51350.01000000,51438.28000000,51161.61000000,51192.00000000,646.39161600,1613559599999,33164215.72909954,26938,302.01923200,15496839.18954215,0
1613559600000,51192.00000000,51511.28000000,51101.07000000,51509.44000000,796.25525500,1613560499999,40838093.32028472,35978,469.46672200,24082101.50223545,0
1613560500000,51510.40000000,51589.96000000,51350.01000000,51400.00000000,659.93067700,1613561399999,33970294.32839533,33142,313.50889700,16139075.41078592,0
1613561400000,51400.01000000,51515.60000000,51241.43000000,51483.99000000,672.88315500,1613562299999,34567302.66610548,32931,367.85114600,18899925.13609479,0
1613562300000,51483.98000000,51675.55000000,51255.16000000,51273.46000000,1049.10941600,1613563199999,54013636.64319573,38540,575.00319700,29607106.66675262,0
1613563200000,51270.86000000,51437.46000000,51177.36000000,51258.15000000,963.75520800,1613564099999,49426691.93517063,28350,455.50296000,23361676.99458121,0
1613564100000,51258.15000000,51360.50000000,51177.00000000,51315.30000000,973.45468900,1613564999999,49909114.19058289,31512,494.80358300,25369218.48087044,0
1613565000000,51315.30000000,51530.00000000,51250.99000000,51253.93000000,997.98133200,1613565899999,51301111.02974179,34960,527.71158600,27129849.47681319,0
1613565900000,51253.93000000,51269.87000000,50777.20000000,51039.56000000,1513.38548300,1613566799999,77138764.52589868,42244,727.96610800,37107357.58380114,0
1613566800000,51039.56000000,51166.22000000,50666.00000000,50937.78000000,1379.73404900,1613567699999,70242937.85366073,29138,692.56939100,35263910.62365279,0
1613567700000,50934.50000000,51041.22000000,50567.26000000,50769.67000000,958.14482200,1613568599999,48707292.61285390,24439,471.71385700,23984700.66553076,0
1613568600000,50769.63000000,51011.00000000,50542.30000000,50918.05000000,1038.10670300,1613569499999,52701066.26795255,24970,566.94770300,28788845.62073133,0
1613569500000,50918.05000000,51234.00000000,50839.99000000,51149.96000000,855.91699600,1613570399999,43689232.15821321,21502,412.66935600,21063391.10980812,0
1613570400000,51149.97000000,51267.71000000,50983.90000000,51060.92000000,954.59050900,1613571299999,48806076.38825658,23259,435.43779000,22263263.01359270,0
1613571300000,51060.92000000,51195.82000000,50806.16000000,50914.78000000,1020.37105700,1613572199999,52052421.73258056,24128,549.22305400,28016962.42650926,0
1613572200000,50914.78000000,51067.64000000,50770.82000000,50778.74000000,1302.80480300,1613573099999,66341290.99771051,29025,721.44829500,36742135.66074535,0
1613573100000,50778.74000000,51284.78000000,50777.15000000,51262.00000000,952.12089400,1613573999999,48514466.07260870,23009,479.19928700,24418148.95660653,0
1613574000000,51262.01000000,51633.17000000,51208.69000000,51397.24000000,1258.41715700,1613574899999,64754528.09921596,33391,700.88959400,36069431.12755043,0
1613574900000,51397.24000000,51398.64000000,51061.93000000,51270.01000000,622.97068500,1613575799999,31933029.04083602,20258,284.60993600,14590095.82678790,0
1613575800000,51270.00000000,51290.00000000,51005.35000000,51120.01000000,727.24119600,1613576699999,37165810.00694921,19152,375.50357300,19191066.38836372,0
1613576700000,51120.00000000,51200.00000000,50968.87000000,51169.97000000,618.05231100,1613577599999,31581231.06561597,17797,312.88581300,15988338.06455250,0
1613577600000,51169.97000000,51435.09000000,50907.65000000,50986.12000000,1140.26399500,1613578499999,58329166.83255452,31170,531.53472800,27188229.73750997,0
1613578500000,50986.12000000,51005.00000000,50780.00000000,50986.94000000,809.58620500,1613579399999,41202232.96760271,22018,363.68146300,18509572.38709376,0
1613579400000,50986.94000000,51189.26000000,50941.33000000,51176.36000000,629.29166300,1613580299999,32153039.81070125,17020,262.75990300,13425346.44460731,0
1613580300000,51176.37000000,51300.00000000,50980.00000000,51241.35000000,634.46633800,1613581199999,32438686.72900314,17490,274.21641800,14024487.31336646,0
1613581200000,51241.35000000,51315.00000000,51140.00000000,51313.28000000,874.39595300,1613582099999,44810772.59921202,22170,489.68389700,25095689.94668904,0
1613582100000,51314.99000000,51384.00000000,51160.58000000,51224.97000000,600.49096800,1613582999999,30780642.72604593,17340,297.36794900,15244594.77278632,0
1613583000000,51224.97000000,51296.44000000,51085.95000000,51238.96000000,387.11650100,1613583899999,19814918.35301050,13937,187.69372400,9608414.28507227,0
1613583900000,51238.94000000,51436.00000000,51193.04000000,51376.85000000,521.38148800,1613584799999,26766952.71068309,16559,274.05198800,14069086.25891279,0
1613584800000,51380.78000000,51490.00000000,51304.96000000,51489.99000000,409.61886000,1613585699999,21057371.82533224,14270,235.15353100,12089221.01580390,0
1613585700000,51489.99000000,51780.00000000,51432.71000000,51513.67000000,1164.70974000,1613586599999,60098902.30355876,30945,728.36068500,37581528.54199294,0
1613586600000,51513.67000000,51675.64000000,51414.43000000,51451.44000000,472.46692200,1613587499999,24337090.92515086,15366,240.89859200,12410280.50331505,0
1613587500000,51451.44000000,51534.92000000,51310.01000000,51430.59000000,408.55122400,1613588399999,21004811.71600755,13272,213.56895300,10980463.35605475,0
1613588400000,51430.59000000,51664.88000000,51374.56000000,51530.14000000,459.53630600,1613589299999,23671565.44833333,14508,246.44082600,12695001.60703394,0
1613589300000,51530.14000000,51837.16000000,51530.14000000,51806.86000000,678.03047100,1613590199999,35045574.46570860,19648,366.15996300,18926988.42319074,0
1613590200000,51806.86000000,52320.00000000,51803.51000000,52262.74000000,2744.07354500,1613591099999,142900255.79087712,57987,1545.47374400,80497055.95009933,0
1613591100000,52262.74000000,52395.00000000,52106.28000000,52142.35000000,1006.20128700,1613591999999,52555387.08313189,27665,515.94794200,26953894.36011521,0
1613592000000,52142.36000000,52291.44000000,51956.82000000,52222.20000000,937.90476100,1613592899999,48833935.32118835,27106,565.95664500,29467133.60368200,0
1613592900000,52222.19000000,52546.00000000,52124.06000000,52330.01000000,1016.39620300,1613593799999,53221784.83351570,31987,566.02745300,29645815.60043233,0
1613593800000,52330.00000000,52500.00000000,52221.24000000,52379.86000000,584.22264900,1613594699999,30588634.16447790,20599,268.21734800,14043504.33821766,0
1613594700000,52379.86000000,52383.87000000,52132.58000000,52240.00000000,622.46518400,1613595599999,32515009.83856980,21652,273.29803100,14274891.43773570,0
1613595600000,52239.99000000,52389.99000000,52021.37000000,52371.28000000,661.27602200,1613596499999,34497813.10762188,27197,315.96286000,16486778.01889048,0
1613596500000,52371.28000000,52477.11000000,52270.00000000,52424.01000000,530.66410200,1613597399999,27786900.34817824,24774,244.34921100,12794642.90007914,0
1613597400000,52424.01000000,52618.74000000,52350.00000000,52358.76000000,706.25746800,1613598299999,37063323.68864963,30047,371.90284200,19517934.21863469,0
1613598300000,52360.17000000,52408.38000000,52151.89000000,52349.99000000,646.18905500,1613599199999,33781555.09107023,29924,284.92374200,14894942.52035276,0
1613599200000,52349.99000000,52381.20000000,52047.00000000,52178.05000000,479.22730300,1613600099999,25012669.98852935,16688,189.69742100,9902077.74257711,0
1613600100000,52178.04000000,52242.41000000,52130.43000000,52181.25000000,387.42158200,1613600999999,20216573.19765760,15141,187.78617500,9799492.72217186,0
1613601000000,52181.25000000,52293.76000000,51960.74000000,51974.43000000,581.41826400,1613601899999,30341540.45328586,17488,199.08092600,10391583.34126262,0
1613601900000,51974.21000000,52149.98000000,51893.34000000,52104.43000000,513.21317800,1613602799999,26713211.05029979,16799,217.57777800,11326015.14063085,0
1613602800000,52104.44000000,52243.16000000,51899.64000000,52181.89000000,499.36176400,1613603699999,25985563.52790352,19842,257.25544100,13385361.07675009,0
1613603700000,52181.88000000,52397.84000000,52160.00000000,52366.78000000,432.79008500,1613604599999,22625132.33099111,19979,239.31496100,12510776.15406104,0
1613604600000,52366.77000000,52366.77000000,52140.00000000,52199.00000000,469.85825800,1613605499999,24556963.42073874,20975,217.01111600,11342329.75863753,0
1613605500000,52199.00000000,52213.32000000,52023.38000000,52119.71000000,500.14133800,1613606399999,26067713.81008274,19509,228.16276300,11893620.94961850,0
1613606400000,52117.67000000,52474.46000000,52104.69000000,52412.12000000,843.84294500,1613607299999,44149951.72719546,22561,421.51176800,22053604.48036626,0
1613607300000,52412.11000000,52530.00000000,52300.01000000,52451.72000000,566.40452800,1613608199999,29687523.47476166,15762,298.96985700,15670371.06009168,0
1613608200000,52451.72000000,52505.00000000,52259.03000000,52353.30000000,482.06104200,1613609099999,25245854.34312631,15238,230.62706700,12078613.56413901,0
1613609100000,52353.31000000,52375.24000000,52250.00000000,52267.32000000,523.40336600,1613609999999,27379479.04843110,15429,233.56558400,12217561.12349884,0
1613610000000,52263.85000000,52299.98000000,52039.38000000,52141.38000000,849.86850200,1613610899999,44333030.22147267,24007,415.37511100,21665318.22444267,0
1613610900000,52141.38000000,52275.00000000,52026.06000000,52163.03000000,734.36953700,1613611799999,38291660.67019056,20701,373.41007700,19471185.19630702,0
1613611800000,52163.02000000,52383.42000000,52158.75000000,52219.37000000,687.14861700,1613612699999,35933206.96865795,20310,374.18728600,19568195.29314997,0
1613612700000,52219.36000000,52225.17000000,52050.00000000,52132.46000000,767.24004300,1613613599999,40005193.60855154,18032,334.41770200,17437205.17087924,0
1613613600000,52132.47000000,52183.29000000,51933.24000000,52041.01000000,845.29788100,1613614499999,44000255.13447195,25322,340.41920100,17716827.14337969,0
1613614500000,52041.01000000,52189.43000000,51980.00000000,52161.92000000,450.16924500,1613615399999,23450423.54983651,18357,229.37693300,11948996.51945548,0
1613615400000,52161.93000000,52340.01000000,52115.87000000,52296.92000000,549.66530300,1613616299999,28720843.91380947,18275,255.19934300,13337651.03782014,0
1613616300000,52296.91000000,52336.72000000,52139.65000000,52318.89000000,445.06357600,1613617199999,23250168.67175966,17604,251.65475500,13146473.24175822,0
1613617200000,52318.89000000,52399.00000000,52102.39000000,52394.40000000,438.85992800,1613618099999,22934122.71866887,17239,208.28246300,10885701.02887705,0
1613618100000,52394.39000000,52399.73000000,52080.01000000,52080.59000000,402.77927400,1613618999999,21033339.41333522,16943,178.23026000,9307583.26201850,0
1613619000000,52080.59000000,52197.11000000,52003.00000000,52085.85000000,400.32543800,1613619899999,20855312.15589743,16961,201.48822800,10497225.72420266,0
1613619900000,52085.85000000,52122.17000000,51951.00000000,52032.64000000,634.47378400,1613620799999,33004087.01673696,19175,207.66107900,10804459.71349605,0
1613620800000,52032.64000000,52033.40000000,51712.50000000,51896.58000000,1020.52981300,1613621699999,52906474.85405104,32386,445.22102000,23079997.19524930,0
1613621700000,51894.51000000,51976.50000000,51800.00000000,51932.24000000,453.32517700,1613622599999,23522233.38615410,21701,244.99604800,12713814.22962299,0
1613622600000,51932.24000000,52113.70000000,51906.18000000,52104.99000000,428.00836900,1613623499999,22263337.44101319,20691,238.00797700,12380697.15823534,0
1613623500000,52104.99000000,52180.00000000,52020.43000000,52153.36000000,500.42510900,1613624399999,26070006.54000411,21862,239.33773900,12468694.38868930,0
1613624400000,52153.36000000,52169.96000000,52077.72000000,52121.72000000,415.74277600,1613625299999,21671324.78564259,15843,164.61557300,8581055.36292755,0
1613625300000,52121.72000000,52298.00000000,52015.68000000,52250.76000000,507.10104900,1613626199999,26455266.03119393,18911,265.93011700,13875231.62621863,0
1613626200000,52250.75000000,52298.00000000,52127.05000000,52177.92000000,413.68762700,1613627099999,21594563.56472297,15546,209.94832600,10957474.87296874,0
1613627100000,52177.92000000,52185.64000000,52026.90000000,52170.01000000,441.23114100,1613627999999,22998000.85259301,16249,193.32046200,10076714.43340487,0
1613628000000,52170.02000000,52237.45000000,52048.65000000,52094.45000000,456.61391600,1613628899999,23803469.70062751,11824,218.73749400,11402253.58636408,0
1613628900000,52094.44000000,52150.00000000,51990.01000000,51990.01000000,495.16705500,1613629799999,25786847.40716152,13094,265.67043600,13837049.54047361,0
1613629800000,51990.00000000,52110.94000000,51938.77000000,52041.68000000,487.13055600,1613630699999,25354210.87666993,14371,192.29331000,10006722.99241778,0
1613630700000,52041.68000000,52041.69000000,51862.78000000,51905.66000000,513.41878100,1613631599999,26670476.49279547,14372,244.58284400,12704213.30833907,0
1613631600000,51905.65000000,51905.66000000,51750.00000000,51880.01000000,734.07108800,1613632499999,38044790.71814516,18029,400.00768600,20731896.65989611,0
1613632500000,51880.00000000,51880.00000000,51311.00000000,51408.56000000,1542.96322400,1613633399999,79589550.35410954,34117,634.97413500,32739855.62375659,0
1613633400000,51408.57000000,51593.70000000,51295.00000000,51478.38000000,1203.05133700,1613634299999,61937459.16374019,27042,525.80543800,27071803.16342654,0
1613634300000,51478.38000000,52085.85000000,51438.00000000,51901.96000000,1002.15275800,1613635199999,51920419.08412976,25810,521.32922700,27008165.66562198,0
1613635200000,51901.95000000,52168.75000000,51791.99000000,51890.00000000,606.84613300,1613636099999,31538905.89170350,27598,321.15857100,16694099.63025315,0
1613636100000,51889.99000000,51943.35000000,51600.00000000,51799.99000000,531.48735800,1613636999999,27502151.03184902,25828,285.13402800,14755507.84065206,0
1613637000000,51799.99000000,51818.62000000,51542.32000000,51806.88000000,588.29363400,1613637899999,30418216.45497303,23010,301.26474900,15578051.51175183,0
1613637900000,51806.88000000,51941.93000000,51686.20000000,51706.88000000,587.91689800,1613638799999,30482589.73729465,25689,313.79032700,16270630.54738153,0
1613638800000,51706.87000000,51729.99000000,51459.82000000,51606.44000000,876.79472000,1613639699999,45221831.67897708,23071,430.79105700,22217775.11358822,0
1613639700000,51606.44000000,51660.97000000,51480.00000000,51638.92000000,458.26912200,1613640599999,23632447.70369007,15474,227.24029000,11719367.26943215,0
1613640600000,51635.52000000,51842.17000000,51614.33000000,51754.13000000,587.77215100,1613641499999,30408788.91450062,18237,301.04913700,15576403.83342551,0
1613641500000,51754.13000000,51873.41000000,51752.10000000,51770.99000000,831.32549700,1613642399999,43077143.79473033,16091,249.93291700,12951435.72526910,0
1613642400000,51772.82000000,52000.00000000,51766.38000000,51939.97000000,708.20344100,1613643299999,36743211.99586688,19587,369.18569600,19157469.69863730,0
1613643300000,51939.97000000,51939.97000000,51773.00000000,51823.55000000,386.79625400,1613644199999,20063374.04089615,12794,183.57297800,9522089.27845450,0
1613644200000,51823.55000000,51857.80000000,51615.06000000,51622.76000000,562.73504900,1613645099999,29104935.02906705,14128,247.97753600,12825756.15962943,0
1613645100000,51622.76000000,51779.98000000,51529.20000000,51643.50000000,522.83298500,1613645999999,27001998.73588937,15672,249.59990300,12892401.52990545,0
1613646000000,51643.49000000,51720.32000000,51339.06000000,51542.89000000,969.14587100,1613646899999,49919584.65600644,19411,531.57058500,27365907.68559844,0
1613646900000,51542.88000000,51659.99000000,51420.00000000,51420.00000000,433.04346000,1613647799999,22332345.94199201,14779,200.04269300,10315616.42110393,0
1613647800000,51420.00000000,51577.65000000,51227.00000000,51391.34000000,1094.38364100,1613648699999,56264263.05318990,30107,546.97860600,28122000.60136958,0
1613648700000,51388.05000000,51438.65000000,51133.00000000,51374.07000000,833.40041000,1613649599999,42758125.40174191,23660,411.63875400,21123954.98712457,0
1613649600000,51375.12000000,51394.50000000,50901.90000000,50946.74000000,1426.96601900,1613650499999,72921881.63195986,43479,446.62968300,22835709.12753505,0
1613650500000,50946.74000000,51337.26000000,50936.33000000,51262.91000000,834.19200900,1613651399999,42716359.27456376,34671,399.45197000,20454142.85754404,0
1613651400000,51260.35000000,51570.83000000,51088.06000000,51570.67000000,821.62443300,1613652299999,42185702.10460123,32792,411.82108000,21148979.61302633,0
1613652300000,51570.67000000,51623.37000000,51378.37000000,51464.66000000,606.81719200,1613653199999,31230726.42968317,28080,290.24617200,14939969.65911016,0
1613653200000,51464.67000000,51539.40000000,51262.43000000,51427.81000000,526.28736400,1613654099999,27048968.88270072,21374,231.74591800,11910508.66235104,0
1613654100000,51427.80000000,51694.11000000,51425.01000000,51624.94000000,707.63922400,1613654999999,36508837.21352261,24643,333.36291200,17196786.31804215,0
1613655000000,51624.94000000,51841.08000000,51612.87000000,51786.65000000,877.65468700,1613655899999,45399010.67288824,27755,361.07197300,18677740.39522649,0
1613655900000,51786.65000000,52025.00000000,51779.30000000,51796.24000000,893.26362800,1613656799999,46343714.15405914,27379,471.16096100,24446772.54960686,0
1613656800000,51796.24000000,51943.79000000,51704.99000000,51713.14000000,570.55879400,1613657699999,29552323.66440580,20398,248.63311000,12878182.70895412,0
1613657700000,51713.13000000,51889.99000000,51613.23000000,51877.49000000,682.36970700,1613658599999,35331845.16308013,22267,318.05036900,16470114.83967433,0
1613658600000,51877.50000000,52285.00000000,51870.00000000,52173.97000000,979.91604000,1613659499999,51058064.13100302,32256,550.14550400,28665587.25532904,0
1613659500000,52173.97000000,52280.00000000,51971.03000000,52233.43000000,748.12463800,1613660399999,38995852.22101095,23074,333.48917000,17383924.66556309,0
1613660400000,52233.43000000,52260.00000000,51852.10000000,52018.26000000,787.95197500,1613661299999,40983069.25375893,20861,406.47013400,21139635.06697670,0
1613661300000,52018.25000000,52128.14000000,51700.00000000,51706.18000000,801.25404300,1613662199999,41583541.09345091,20421,369.12555300,19153497.50534855,0
1613662200000,51706.18000000,51764.16000000,51456.14000000,51641.35000000,1175.05561100,1613663099999,60636902.27237165,27165,590.51636000,30472457.05743730,0
1613663100000,51641.34000000,51700.00000000,51450.00000000,51585.29000000,654.47236200,1613663999999,33733817.20970112,18579,290.28275400,14961346.46460103,0
1613664000000,51585.29000000,51900.00000000,51450.00000000,51808.15000000,836.01963900,1613664899999,43255145.76935473,22899,395.02034000,20436397.71528148,0
1613664900000,51808.16000000,51989.93000000,51748.42000000,51920.00000000,580.18853000,1613665799999,30094546.05183112,16919,313.29446600,16250913.33844157,0
1613665800000,51920.00000000,52014.80000000,51723.91000000,51829.97000000,585.06213900,1613666699999,30339837.02714589,17019,327.58199900,16989235.18599264,0
1613666700000,51829.97000000,52099.00000000,51829.96000000,52091.02000000,523.04860800,1613667599999,27195050.92906553,16279,260.36290700,13535840.85702920,0
1613667600000,52091.03000000,52091.03000000,51777.00000000,51885.90000000,538.01608200,1613668499999,27938119.66655841,16474,231.22259600,12003336.91667903,0
1613668500000,51885.89000000,52050.00000000,51868.07000000,51998.62000000,501.57649000,1613669399999,26065027.34707628,15703,249.30771200,12955432.66968617,0
1613669400000,51998.62000000,52100.00000000,51860.82000000,51878.85000000,562.15019200,1613670299999,29226155.91068319,15954,290.72544100,15116678.31803230,0
1613670300000,51878.84000000,52034.20000000,51780.00000000,51839.55000000,561.83255500,1613671199999,29142618.99925108,19420,282.48455800,14653024.35311156,0
1613671200000,51839.56000000,52000.00000000,51764.16000000,51984.49000000,451.26764400,1613672099999,23419251.51133493,15367,226.70103300,11765138.98173624,0
1613672100000,51984.48000000,52177.75000000,51920.13000000,52170.00000000,661.53806600,1613672999999,34428504.58948169,17258,420.81437200,21898832.77627708,0
1613673000000,52169.99000000,52177.75000000,51960.00000000,51986.84000000,537.23956000,1613673899999,27977677.99783136,16729,228.21323500,11882985.04829581,0
1613673900000,51988.78000000,52036.19000000,51833.00000000,51862.85000000,378.72904800,1613674799999,19670609.57903161,14164,185.20641400,9619595.76040633,0
1613674800000,51860.40000000,51984.72000000,51848.01000000,51926.49000000,363.04064300,1613675699999,18848429.74038440,13159,183.91728900,9548435.37164401,0
1613675700000,51926.48000000,51975.38000000,51800.00000000,51960.91000000,384.91559800,1613676599999,19972802.68804556,13158,185.47507400,9624064.17934463,0
1613676600000,51957.23000000,52070.68000000,51950.12000000,52019.99000000,329.05215200,1613677499999,17117557.32261240,12122,197.13206500,10254885.13228681,0
1613677500000,52019.98000000,52019.99000000,51685.00000000,51760.01000000,516.35752500,1613678399999,26761103.43815323,16841,217.53258000,11273356.44937020,0
1613678400000,51760.01000000,51896.55000000,51514.26000000,51896.55000000,784.51613800,1613679299999,40580929.66394091,20925,339.79691600,17578201.89180762,0
1613679300000,51896.60000000,52085.24000000,51889.41000000,52054.85000000,775.55102600,1613680199999,40322873.25949251,19925,352.14548400,18307189.16137858,0
1613680200000,52054.85000000,52088.00000000,51864.30000000,51919.61000000,497.46666800,1613681099999,25874943.40257058,15693,219.80672500,11433164.13937014,0
1613681100000,51919.61000000,52115.92000000,51830.00000000,52111.89000000,551.66069400,1613681999999,28678148.74948093,16380,266.75162100,13866642.88839259,0
1613682000000,52111.89000000,52122.83000000,51992.90000000,52040.49000000,512.44681900,1613682899999,26678865.85635301,17237,224.76951400,11701297.69434985,0
1613682900000,52040.49000000,52077.18000000,51892.20000000,52009.01000000,526.76030200,1613683799999,27390244.50445464,14535,287.35346700,14940775.70777137,0
1613683800000,52009.01000000,52195.12000000,51978.83000000,52145.37000000,697.04534600,1613684699999,36319088.70215497,18950,323.81854100,16873507.16829055,0
1613684700000,52146.07000000,52179.99000000,51978.05000000,52007.21000000,440.39035000,1613685599999,22939359.44978204,14189,219.42311700,11427989.17428611,0
1613685600000,52005.08000000,52075.07000000,51901.86000000,51919.11000000,321.66359000,1613686499999,16727150.01450916,12370,131.97257800,6862284.75958323,0
1613686500000,51919.11000000,51979.87000000,51631.00000000,51852.90000000,529.60757800,1613687399999,27455871.14662799,19298,230.25768800,11939175.25712160,0
1613687400000,51850.93000000,51924.98000000,51615.01000000,51713.35000000,530.41164800,1613688299999,27460440.25426102,15911,208.87637100,10810976.45124336,0
1613688300000,51713.35000000,51865.18000000,51682.25000000,51837.19000000,343.25936400,1613689199999,17773810.62201171,12314,166.89959300,8642556.82174047,0
1613689200000,51837.18000000,51920.51000000,51600.44000000,51677.88000000,439.88289100,1613690099999,22771360.31178094,14118,224.17680500,11607004.24354151,0
1613690100000,51677.88000000,51744.00000000,51510.00000000,51637.81000000,504.90313000,1613690999999,26067368.30380431,16059,226.97181100,11719285.53532005,0
1613691000000,51637.81000000,51733.19000000,51530.65000000,51547.13000000,607.73256800,1613691899999,31359036.29359791,16132,273.02031000,14088323.13243553,0
1613691900000,51547.14000000,51732.84000000,51542.13000000,51552.60000000,475.72723600,1613692799999,24557735.06001528,13997,220.04000500,11358674.59226329,0
1613692800000,51552.61000000,51750.00000000,51477.00000000,51596.11000000,870.42705200,1613693699999,44922668.49752695,24211,415.66963700,21456904.70862437,0
1613693700000,51596.11000000,51838.88000000,51588.87000000,51826.83000000,525.20441800,1613694599999,27181352.82143852,14976,232.15599100,12013791.97222788,0
1613694600000,51826.82000000,51943.99000000,51737.71000000,51754.76000000,676.55069800,1613695499999,35085481.32703343,17206,333.62413700,17301422.18480255,0
1613695500000,51751.04000000,51773.31000000,51452.00000000,51511.33000000,641.81242300,1613696399999,33135733.49608836,17419,296.46662500,15307288.81383728,0
1613696400000,51512.62000000,51644.00000000,51251.00000000,51566.33000000,795.76186900,1613697299999,40934536.50776626,23344,356.10067600,18319127.54033933,0
1613697300000,51566.33000000,51700.99000000,51428.78000000,51564.47000000,486.66892400,1613698199999,25101908.59687439,16690,252.13914200,13007405.31354330,0
1613698200000,51564.47000000,51567.11000000,51320.00000000,51388.75000000,523.96592500,1613699099999,26946398.24771382,17191,246.34021100,12669058.98725926,0
1613699100000,51388.74000000,51392.72000000,51165.88000000,51325.44000000,814.54008500,1613699999999,41766779.92351274,20710,325.59213200,16695890.49520983,0
1613700000000,51325.44000000,51332.86000000,50710.20000000,51163.69000000,1896.44081800,1613700899999,96774999.97453124,49741,740.35231700,37776496.34649090,0
1613700900000,51163.68000000,51299.86000000,50901.90000000,51017.66000000,764.68626800,1613701799999,39081329.32843854,19881,373.36570100,19087842.58987158,0
1613701800000,51020.47000000,51253.25000000,50800.00000000,51204.71000000,687.57960300,1613702699999,35072999.29378327,17808,344.70103900,17587641.21864307,0
1613702700000,51204.72000000,51339.05000000,51166.70000000,51248.52000000,497.77770100,1613703599999,25515154.36467653,12489,239.00900600,12252130.75388896,0
1613703600000,51248.53000000,51500.00000000,51204.73000000,51268.39000000,521.82503500,1613704499999,26806042.46516777,13900,253.56317900,13025246.70900528,0
1613704500000,51265.82000000,51390.14000000,51235.92000000,51311.78000000,438.89190400,1613705399999,22513122.31986052,11757,240.04245300,12312350.77278298,0
1613705400000,51310.01000000,51500.15000000,51263.60000000,51366.13000000,412.40430500,1613706299999,21200933.54582516,13044,196.29329400,10090856.49052634,0
1613706300000,51366.13000000,51439.19000000,51200.00000000,51245.00000000,414.81490300,1613707199999,21286302.79715582,12692,194.20988900,9965880.79580452,0
1613707200000,51247.86000000,51432.09000000,51210.83000000,51432.08000000,376.40872900,1613708099999,19322467.68862761,12186,213.09826400,10938655.47749987,0
1613708100000,51432.08000000,51530.56000000,51055.00000000,51179.67000000,468.46670200,1613708999999,24031584.91477595,12835,201.07603200,10323517.15091951,0
1613709000000,51179.67000000,51236.55000000,50921.63000000,50922.62000000,592.00485000,1613709899999,30236124.98466253,17460,278.59036700,14228823.46688620,0
1613709900000,50921.62000000,51208.19000000,50918.00000000,51166.30000000,532.50071100,1613710799999,27225385.77255768,12582,271.25867100,13868595.98693751,0
1613710800000,51166.29000000,51385.83000000,51166.29000000,51319.31000000,531.47767300,1613711699999,27271979.79723907,12950,237.95794800,12209581.03444411,0
1613711700000,51317.91000000,51474.61000000,51281.69000000,51361.97000000,426.33247600,1613712599999,21903354.92295021,11869,227.47003300,11687148.34419810,0
1613712600000,51361.97000000,51499.51000000,51300.00000000,51377.29000000,514.49567300,1613713499999,26432761.44427211,16452,278.31375000,14299237.32030197,0
1613713500000,51377.28000000,51567.26000000,51365.09000000,51524.05000000,607.48342800,1613714399999,31263714.00747135,17180,335.69066200,17275493.17345077,0
1613714400000,51524.06000000,51788.00000000,51517.16000000,51653.00000000,778.80502800,1613715299999,40231938.16440807,31687,433.80939600,22412033.10653265,0
1613715300000,51653.00000000,51822.96000000,51615.52000000,51677.47000000,749.53791500,1613716199999,38763675.54344994,25672,375.89279700,19441771.61087762,0
1613716200000,51677.47000000,51724.76000000,51566.66000000,51709.42000000,503.45115700,1613717099999,25998788.73420324,20751,273.14213300,14105619.22168724,0
1613717100000,51709.64000000,51799.00000000,51567.15000000,51734.88000000,662.08675800,1613717999999,34215800.82041395,20222,328.16139700,16960593.09958647,0
1613718000000,51734.87000000,51894.54000000,51723.04000000,51767.50000000,624.21756300,1613718899999,32329037.97333865,21431,363.09035600,18802922.22634306,0
1613718900000,51767.50000000,51799.00000000,51680.00000000,51719.99000000,617.95991100,1613719799999,31976635.44919834,23010,294.41455900,15233681.62627801,0
1613719800000,51720.00000000,51894.77000000,51654.57000000,51828.01000000,524.71436000,1613720699999,27153633.70184920,23525,291.42036800,15080922.87787715,0
1613720700000,51828.02000000,51879.98000000,51684.57000000,51727.08000000,457.88389900,1613721599999,23704962.46516139,22397,221.68071900,11476338.68808619,0
1613721600000,51727.09000000,51858.01000000,51719.16000000,51790.50000000,533.47675300,1613722499999,27626519.68670886,24518,264.88870700,13716821.97992999,0
1613722500000,51790.50000000,51932.56000000,51649.82000000,51789.58000000,585.17735700,1613723399999,30322435.00782514,25180,282.02212400,14614619.06035281,0
1613723400000,51789.57000000,51875.00000000,51742.81000000,51839.59000000,340.61295100,1613724299999,17649402.99785562,20973,182.10902200,9436060.11019524,0
1613724300000,51839.59000000,52293.77000000,51827.53000000,52236.31000000,1316.13528600,1613725199999,68520273.03708476,42156,870.54186100,45324492.96207174,0
1613725200000,52236.31000000,52813.70000000,52218.62000000,52681.95000000,2803.83549100,1613726099999,147366525.70178949,69696,1688.12369900,88721833.66955150,0
1613726100000,52681.94000000,52965.31000000,52576.44000000,52710.81000000,1479.93207000,1613726999999,78131635.62267712,37553,817.38841900,43158983.69758286,0
1613727000000,52710.80000000,52834.01000000,52568.56000000,52739.68000000,911.03649200,1613727899999,48029962.93201893,21999,420.46793000,22165318.12531995,0
1613727900000,52739.70000000,52888.87000000,52607.15000000,52690.70000000,706.36240500,1613728799999,37268659.94804957,20477,394.34329200,20807519.02678069,0
1613728800000,52690.75000000,52950.00000000,52639.47000000,52872.54000000,808.33881900,1613729699999,42668750.64039714,32491,464.08487100,24499374.11081170,0
1613729700000,52872.54000000,52933.09000000,52652.13000000,52853.50000000,571.35582300,1613730599999,30179527.86663223,18517,286.49070600,15133857.10964325,0
1613730600000,52853.51000000,52984.99000000,52800.00000000,52934.29000000,629.69580700,1613731499999,33290126.43128154,18791,325.23939400,17195990.97347469,0
1613731500000,52934.28000000,52956.24000000,52625.00000000,52687.60000000,625.83867800,1613732399999,33018238.26270628,19628,288.77865100,15236794.88991034,0
1613732400000,52685.98000000,52764.40000000,52592.85000000,52599.37000000,548.04980600,1613733299999,28883296.16229767,19241,266.08173900,14024440.74932978,0
1613733300000,52598.19000000,52850.00000000,52485.95000000,52765.27000000,793.60701800,1613734199999,41863482.72532513,22422,436.00418900,23001346.62571383,0
1613734200000,52765.27000000,52863.19000000,52720.07000000,52724.85000000,587.03843900,1613735099999,30990922.53933937,17702,286.33413000,15117757.14990463,0
1613735100000,52723.98000000,52728.00000000,52620.00000000,52710.00000000,451.40375200,1613735999999,23780063.04267101,17692,220.50386200,11616110.23155582,0
1613736000000,52709.99000000,52729.75000000,52400.09000000,52674.63000000,729.30304100,1613736899999,38372245.28910980,28714,358.00003800,18840811.28122887,0
1613736900000,52674.62000000,52700.00000000,52514.32000000,52580.01000000,518.40476500,1613737799999,27264083.97419859,26781,258.64050700,13602339.45479983,0
1613737800000,52580.00000000,52700.00000000,52576.04000000,52645.15000000,509.52531700,1613738699999,26829219.69357392,25050,275.83585500,14524406.50989078,0
1613738700000,52645.16000000,52699.99000000,52497.84000000,52534.75000000,603.43501000,1613739599999,31740631.97014295,23141,263.03258000,13836034.57115517,0
1613739600000,52534.76000000,52638.08000000,52315.37000000,52439.55000000,590.04887200,1613740499999,30986310.32655469,20228,279.49623000,14678094.31962226,0
1613740500000,52439.55000000,52557.52000000,52399.01000000,52528.77000000,510.67193600,1613741399999,26802845.86377231,16599,241.89311000,12696378.87960192,0
1613741400000,52528.77000000,52750.00000000,52521.00000000,52583.42000000,796.02414100,1613742299999,41912193.22907272,21241,423.81945400,22314807.87197785,0
1613742300000,52585.69000000,52850.00000000,52576.75000000,52800.04000000,934.47201600,1613743199999,49265687.70233194,27767,499.65483300,26343541.22519755,0
1613743200000,52800.03000000,53000.00000000,52786.40000000,52839.61000000,1074.15661400,1613744099999,56822880.76612556,25226,543.88665800,28776276.32524997,0
1613744100000,52839.61000000,52866.60000000,52653.93000000,52722.83000000,559.99669600,1613744999999,29522630.73996869,17390,280.34573800,14780470.06511680,0
1613745000000,52722.83000000,52904.41000000,52677.70000000,52839.26000000,432.67705500,1613745899999,22845750.39711307,14979,184.30516200,9731388.18107091,0
1613745900000,52846.06000000,53280.00000000,52823.32000000,52890.00000000,1722.82618500,1613746799999,91485082.50877258,46979,904.41172700,48024158.28281307,0
1613746800000,52877.10000000,53104.15000000,52810.11000000,53002.55000000,727.79493400,1613747699999,38553773.77636243,23627,346.37278600,18350142.65356394,0
1613747700000,53002.55000000,53375.00000000,52997.27000000,53367.75000000,1216.83189200,1613748599999,64783551.36726828,28052,590.36645500,31432462.57947202,0
1613748600000,53367.75000000,53807.12000000,53275.75000000,53739.66000000,1996.36009400,1613749499999,106883798.29015479,43254,1166.98939800,62481462.88215129,0
1613749500000,53749.65000000,53886.07000000,53563.22000000,53863.19000000,1246.74579900,1613750399999,66974328.63058694,28944,552.45876300,29681246.74975715,0
1613750400000,53863.82000000,53982.95000000,53605.58000000,53759.75000000,1196.52033500,1613751299999,64348109.76379789,27688,615.32383400,33094119.63056628,0
1613751300000,53759.75000000,54404.00000000,53725.31000000,54402.01000000,1680.59785000,1613752199999,90919375.77974817,41407,1079.89527200,58425371.51200908,0
1613752200000,54404.00000000,54850.00000000,54306.78000000,54813.38000000,1621.73886900,1613753099999,88584492.62389650,45015,880.01093900,48062702.95630823,0
1613753100000,54816.03000000,54820.00000000,54000.00000000,54368.65000000,2022.23028900,1613753999999,110134896.73688826,42483,713.55562300,38830329.98709196,0
1613754000000,54368.61000000,54584.46000000,54054.00000000,54454.30000000,780.90006700,1613754899999,42422608.31021423,24513,384.57319000,20893984.87973829,0
1613754900000,54450.29000000,54724.28000000,54450.00000000,54473.94000000,812.67573400,1613755799999,44344918.98540992,24091,390.73291300,21321745.71125110,0
1613755800000,54473.94000000,54642.24000000,54361.38000000,54589.21000000,574.01364500,1613756699999,31286028.89348278,17397,271.49820600,14799344.26749101,0
1613756700000,54589.79000000,54766.34000000,54453.26000000,54765.49000000,278.85516100,1613757599999,15232717.76215618,9912,130.34815700,7119800.81190182,0
1613757600000,54765.50000000,54799.00000000,54525.11000000,54561.50000000,316.24527800,1613758499999,17283451.06994003,9403,140.58901300,7684094.86337548,0
1613758500000,54563.20000000,54850.00000000,54556.19000000,54769.69000000,371.91749600,1613759399999,20355488.29676711,9418,205.65456900,11254644.93843079,0
1613759400000,54781.30000000,54960.00000000,54629.57000000,54753.37000000,457.60238000,1613760299999,25084225.20568895,12546,231.53638900,12693998.88143712,0
1613760300000,54747.88000000,55435.96000000,54745.02000000,55384.46000000,1704.06726900,1613761199999,94000986.46237736,38251,1063.67851400,58655915.30310066,0
1613761200000,55384.46000000,55843.78000000,55095.59000000,55264.97000000,1145.37728900,1613762099999,63479728.77869984,35069,621.43667600,34451702.03498610,0
1613762100000,55267.46000000,55271.75000000,54583.95000000,55028.41000000,1363.74580100,1613762999999,75011140.90942553,38980,663.02184700,36465958.11053796,0
1613763000000,55028.41000000,55236.51000000,54634.37000000,54844.95000000,1384.56777700,1613763899999,75989559.59411901,33564,723.75623200,39715954.85939529,0
1613763900000,54839.52000000,55133.00000000,54600.00000000,54990.01000000,1635.40324700,1613764799999,89588535.30956670,39015,1001.65344100,54883534.86624470,0
1613764800000,54994.85000000,55208.91000000,54900.00000000,55023.40000000,723.91275400,1613765699999,39866154.61578827,24372,388.95995900,21421497.38025172,0
1613765700000,55029.05000000,55074.29000000,54800.00000000,54953.78000000,557.95840900,1613766599999,30657687.35663878,21078,264.11065100,14512066.20192100,0
1613766600000,54953.78000000,55698.16000000,54820.00000000,55296.63000000,1274.64008900,1613767499999,70492969.89186157,38987,691.20644300,38225549.51695151,0
1613767500000,55296.63000000,55650.00000000,55278.13000000,55348.33000000,1176.53723300,1613768399999,65275747.87984310,31121,506.95049500,28130335.58685303,0
1613768400000,55345.17000000,56368.00000000,55304.52000000,55932.82000000,1739.27886000,1613769299999,97167998.27537999,47998,983.88064600,54989487.98693898,0
1613769300000,55932.82000000,56264.10000000,55833.13000000,56144.83000000,1187.55617500,1613770199999,66605934.88509142,36543,571.19033500,32036622.15186401,0
1613770200000,56144.82000000,56316.99000000,55940.00000000,56024.57000000,783.99501100,1613771099999,43971613.43920555,26353,367.86991900,20634301.82444481,0
1613771100000,56024.56000000,56100.00000000,55430.27000000,55651.16000000,1301.16031800,1613771999999,72406210.83090698,35665,617.41958100,34359114.30849172,0
1613772000000,55651.16000000,55680.53000000,55227.60000000,55244.29000000,924.92413800,1613772899999,51284304.17759040,26600,379.83612500,21056109.25060920,0
1613772900000,55243.82000000,55550.00000000,55130.00000000,55545.21000000,967.18486500,1613773799999,53525282.09658183,30884,468.87705600,25948055.63184680,0
1613773800000,55545.21000000,55767.29000000,55405.36000000,55745.40000000,642.75880600,1613774699999,35721895.04125244,22196,314.89692500,17502149.20623611,0
1613774700000,55745.38000000,55745.99000000,55332.45000000,55426.40000000,692.08626000,1613775599999,38439669.10181326,19842,316.85700200,17598559.08816897,0
1613775600000,55426.40000000,55785.80000000,55330.00000000,55747.92000000,638.32390100,1613776499999,35501906.45826862,19192,330.71844200,18393182.46851058,0
1613776500000,55747.93000000,55822.58000000,55555.00000000,55709.16000000,606.02114500,1613777399999,33764487.81313020,19075,283.01022300,15768574.80671200,0
1613777400000,55709.16000000,55793.69000000,55595.55000000,55676.30000000,677.71320300,1613778299999,37743038.78564806,19495,305.35532200,17004620.77100101,0
1613778300000,55676.29000000,55950.00000000,55672.72000000,55906.00000000,620.91828800,1613779199999,34654235.53132578,18786,320.01153600,17858268.01971206,0
1613779200000,55906.00000000,56300.00000000,55588.88000000,55658.62000000,1320.77127800,1613780099999,73960465.03784699,37755,662.66845300,37120571.40642204,0
1613780100000,55658.41000000,55877.47000000,55322.00000000,55788.33000000,1259.33472000,1613780999999,69983639.47148848,29476,669.13012400,37176195.37048635,0
